INSERT INTO department (dept_name, building, budget)  VALUES
 
 ('Computer Science', 'Science Building', 250000.00),
  ('Electrical Engineering', 'Engineering Building', 300000.00),
  ('Business Administration', 'Business Building', 200000.00),
  ('Mathematics', 'Science Building', 150000.00),
  ('English Literature', 'Arts Building', 180000.00),
  ('Chemistry', 'Science Building', 220000.00),
  ('Physics', 'Science Building', 200000.00),
  ('Psychology', 'Psychology Building', 180000.00),
  ('History', 'Arts Building', 160000.00),
  ('Economics', 'Business Building', 190000.00),
  ('Biology', 'Science Building', 210000.00),
  ('Sociology', 'Social Sciences Building', 170000.00),
  ('Political Science', 'Social Sciences Building', 180000.00),
  ('Art', 'Arts Building', 140000.00),
  ('Music', 'Arts Building', 160000.00),
  ('Physical Education', 'Sports Complex', 120000.00),
  ('Architecture', 'Architecture Building', 250000.00),
  ('Civil Engineering', 'Engineering Building', 280000.00),
  ('Mechanical Engineering', 'Engineering Building', 300000.00),
  ('Chemical Engineering', 'Engineering Building', 320000.00),
  ('Nursing', 'Health Sciences Building', 200000.00),
  ('Pharmacy', 'Health Sciences Building', 240000.00),
  ('Law', 'Law Building', 220000.00),
  ('Education', 'Education Building', 180000.00),
  ('Communication Studies', 'Arts Building', 190000.00),
  ('Film Studies', 'Arts Building', 170000.00),
  ('Astronomy', 'Science Building', 210000.00),
  ('Geology', 'Science Building', 190000.00),
  ('Linguistics', 'Arts Building', 160000.00);
  
 
 INSERT INTO course (course_id, course_name, dept_name, credits) VALUES

  ('CS101', 'Introduction to Computer Science', 'Computer Science', 3),
  ('CS201', 'Data Structures and Algorithms', 'Computer Science', 4),
  ('CS301', 'Database Management Systems', 'Computer Science', 4),
  ('EE101', 'Introduction to Electrical Engineering', 'Electrical Engineering', 3),
  ('EE201', 'Circuit Analysis', 'Electrical Engineering', 4),
  ('EE301', 'Digital Electronics', 'Electrical Engineering', 4),
  ('BA101', 'Introduction to Business', 'Business Administration', 3),
  ('BA201', 'Marketing Principles', 'Business Administration', 3),
  ('BA301', 'Managerial Accounting', 'Business Administration', 4),
  ('MA101', 'Calculus I', 'Mathematics', 4),
  ('MA201', 'Calculus II', 'Mathematics', 4),
  ('MA301', 'Linear Algebra', 'Mathematics', 3),
  ('ENG101', 'Introduction to English Literature', 'English Literature', 3),
  ('ENG201', 'Shakespearean Literature', 'English Literature', 3),
  ('CHEM101', 'General Chemistry', 'Chemistry', 4),
  ('CHEM201', 'Organic Chemistry', 'Chemistry', 4),
  ('PHY101', 'Introduction to Physics', 'Physics', 3),
  ('PHY201', 'Classical Mechanics', 'Physics', 4),
  ('PSY101', 'Introduction to Psychology', 'Psychology', 3),
  ('HIS101', 'World History', 'History', 3),
  ('ECO101', 'Principles of Economics', 'Economics', 3),
  ('BIO101', 'Introduction to Biology', 'Biology', 4),
  ('BIO201', 'Genetics', 'Biology', 4),
  ('SOC101', 'Introduction to Sociology', 'Sociology', 3),
  ('POL101', 'Introduction to Political Science', 'Political Science', 3),
  ('ART101', 'Art History', 'Art', 3),
  ('MUS101', 'Music Theory', 'Music', 3),
  ('PE101', 'PhysicalEducation', 'Physical Education', 3),
  ('ARC101', 'Introduction to Architecture', 'Architecture', 3),
  ('CE101', 'Introduction to Civil Engineering', 'Civil Engineering', 4),
  ('ME101', 'Introduction to Mechanical Engineering', 'Mechanical Engineering', 4),
  ('CHE101', 'Introduction to Chemical Engineering', 'Chemical Engineering', 4),
  ('NUR101', 'Introduction to Nursing', 'Nursing', 3),
  ('PHA101', 'Pharmacology', 'Pharmacy', 4),
  ('LAW101', 'Introduction to Law', 'Law', 3),
  ('EDU101', 'Introduction to Education', 'Education', 3),
  ('COM101', 'Introduction to Communication Studies', 'Communication Studies', 3),
  ('FILM101', 'Introduction to Film Studies', 'Film Studies', 3),
  ('ASTR101', 'Introduction to Astronomy', 'Astronomy', 3),
  ('GEO101', 'Introduction to Geology', 'Geology', 3),
  ('LIN101', 'Introduction to Linguistics', 'Linguistics', 3);
  
 
 INSERT INTO instructor (ID, name, dept_name, salary, phone_number) VALUES
  ('I001', 'John Smith', 'Computer Science', 50000.00, '123-456-7890'),
  ('I002', 'Emily Johnson', 'Computer Science', 55000.00, '987-654-3210'),
  ('I003', 'Michael Williams', 'Electrical Engineering', 60000.00, '456-123-7890'),
  ('I004', 'Jessica Brown', 'Electrical Engineering', 57000.00, '321-654-9870'),
  ('I005', 'Christopher Jones', 'Business Administration', 48000.00, '789-123-4560'),
  ('I006', 'Olivia Davis', 'Business Administration', 52000.00, '654-321-9870'),
  ('I007', 'Matthew Miller', 'Mathematics', 46000.00, '123-789-4560'),
  ('I008', 'Ava Wilson', 'Mathematics', 49000.00, '987-321-6540'),
  ('I009', 'Daniel Taylor', 'English Literature', 44000.00, '456-789-1230'),
  ('I010', 'Sophia Anderson', 'English Literature', 47000.00, '321-654-9870'),
  ('I011', 'Andrew Martinez', 'Chemistry', 51000.00, '789-456-1230'),
  ('I012', 'Isabella Thompson', 'Chemistry', 48000.00, '654-987-3210'),
  ('I013', 'Joseph Harris', 'Physics', 52000.00, '123-456-7890'),
  ('I014', 'Mia Clark', 'Physics', 54000.00, '987-321-6540'),
  ('I015', 'Alexander Lewis', 'Psychology', 47000.00, '456-789-1230'),
  ('I016', 'Abigail Lee', 'Psychology', 50000.00, '321-654-9870'),
  ('I017', 'David Walker', 'History', 45000.00, '789-123-4560'),
  ('I018', 'Emma Hall', 'History', 49000.00, '654-321-9870'),
  ('I019', 'Andrew Phillips', 'Economics', 46000.00, '123-789-4560'),
  ('I020', 'Madison Scott', 'Economics', 48000.00, '987-654-3210'),
  ('I021', 'William Turner', 'Biology', 50000.00, '456-123-7890'),
  ('I022', 'Sofia Baker', 'Biology', 53000.00, '321-654-9870'),
  ('I023', 'James Hall', 'Sociology', 46000.00, '789-123-4560'),
  ('I024', 'Avery Green', 'Sociology', 48000.00, '654-987-3210'),
  ('I025', 'Benjamin Adams', 'Political Science', 48000.00, '123-456-7890'),
  ('I026', 'Scarlett Hill', 'Political Science', 51000.00, '987-321-6540'),
  ('I027', 'Daniel Baker', 'Art', 43000.00, '456-789-1230'),
  ('I028', 'Chloe Turner', 'Art', 46000.00, '321-654-9870'),
  ('I029', 'Matthew Cooper', 'Music', 45000.00, '789-123-4560'),
  ('I030', 'Ella Parker', 'Music', 47000.00, '654-321-9870');
 
 
 INSERT INTO time_slot (time_slot_id, day, start_hr, start_min, end_hr, end_min) VALUES
 ('TS001', 'M', 9, 0, 10, 30),
  ('TS002', 'T', 14, 30, 16, 0),
  ('TS003', 'W', 11, 0, 12, 30),
  ('TS004', 'R', 9, 30, 11, 0),
  ('TS005', 'F', 13, 0, 14, 30),
  ('TS006', 'M', 14, 30, 16, 0),
  ('TS007', 'T', 9, 0, 10, 30),
  ('TS008', 'W', 11, 30, 13, 0),
  ('TS009', 'R', 13, 30, 15, 0),
  ('TS010', 'F', 10, 0, 11, 30),
  ('TS011', 'M', 13, 30, 15, 0),
  ('TS012', 'T', 11, 0, 12, 30),
  ('TS013', 'W', 9, 30, 11, 0),
  ('TS014', 'R', 14, 0, 15, 30),
  ('TS015', 'F', 12, 30, 14, 0),
  ('TS016', 'M', 10, 0, 11, 30),
  ('TS017', 'T', 13, 30, 15, 0),
  ('TS018', 'W', 11, 0, 12, 30),
  ('TS019', 'R', 9, 30, 11, 0),
  ('TS020', 'F', 14, 0, 15, 30),
  ('TS021', 'M', 9, 30, 11, 0),
  ('TS022', 'T', 13, 0, 14, 30),
  ('TS023', 'W', 10, 30, 12, 0),
  ('TS024', 'R', 14, 30, 16, 0),
  ('TS025', 'F', 11, 0, 12, 30),
  ('TS026', 'M', 13, 0, 14, 30),
  ('TS027', 'T', 9, 30, 11, 0),
  ('TS028', 'W', 12, 0, 13, 30),
  ('TS029', 'R', 10, 30, 12, 0),
  ('TS030', 'F', 14, 30, 16, 0);
 
 INSERT INTO lectures (lect_id, course_id,sec_id, lect_date, lect_time, lect_hall, lect_title, lect_description) VALUES
  ('1', 'CS101', '1', '2023-06-01', '1:00:00', 'Hall A', 'Introduction to Computer Science Lecture 1','This lecture covers the basics of computer science.'),
  ('2', 'CS101', '2', '2023-06-02', '1:30:00', 'Hall B', 'Introduction to Computer Science Lecture 2', 'In this lecture, we delve into programming concepts.'),
  ('3', 'CS101',  '3','2023-06-03', '2:00:05', 'Hall A', 'Introduction to Computer Science Lecture 3', 'This lecture covers the basics of computer science 2.'),
  ('4', 'CS101', '4', '2023-06-03', '3:00:00', 'Hall C', 'Introduction to Computer Science Lecture 4', 'This lecture explores algorithms and problem-solving techniques.'),
  ('5', 'CS101', '5', '2023-06-04', '1:00:00', 'Hall D', 'Introduction to Computer Science Lecture 5', 'We discuss data types, variables, and control structures.'),
  ('6', 'CS101', '5', '2023-06-05', '1:00:00', 'Hall E', 'Introduction to Computer Science Lecture 6', 'This lecture focuses on functions and modular programming.'),
  ('7', 'CS201', '1', '2023-06-03', '2:00:00', 'Hall F', 'Data Structures and Algorithms Lecture 1', 'We cover linked lists, stacks, and queues.'),
  ('8', 'CS201', '2', '2023-06-04', '11:00:00', 'Hall G', 'Data Structures and Algorithms Lecture 2', 'This lecture introduces trees and binary search.'),
  ('9', 'CS201',  '3','2023-06-01', '8:00:00', 'Hall C', 'Data Structures and Algorithms Lecture 3', 'This lecture introduces data structures and algorithm analysis.'),
  ('10', 'CS201', '4', '2023-06-03', '1:00:00', 'Hall D', 'Data Structures and Algorithms Lecture 4', 'We explore various data structures and their applications.'),
  ('11', 'CS201', '5', '2023-06-05', '2:00:00', 'Hall E', 'Data Structures and Algorithms Lecture 5', 'This lecture covers algorithm analysis and complexity.'),
  ('12', 'CS201', '1', '2023-06-07', '5:00:00', 'Hall F', 'Data Structures and Algorithms Lecture 6', 'We discuss sorting algorithms and their implementations.'),
  ('13', 'EE101', '1', '2023-06-01', '12:00:00', 'Hall E', 'Introduction to Electrical Engineering Lecture 1', 'This lecture provides an overview of electrical engineering.'),
  ('14', 'EE101', '2', '2023-06-02', '11:00:00', 'Hall F', 'Introduction to Electrical Engineering Lecture 2', 'We cover the fundamentals of circuits and electronics.'),
  ('15', 'EE101', '3', '2023-06-04', '9:00:00', 'Hall I', 'Introduction to Electrical Engineering Lecture 3', 'This lecture covers AC and DC circuits.'),
  ('16', 'EE101', '4', '2023-06-05', '10:00:00', 'Hall J', 'Introduction to Electrical Engineering Lecture 4', 'We explore semiconductor devices and amplifiers.'),
  ('17', 'EE101', '5', '2023-06-07', '1:00:00', 'Hall K', 'Introduction to Electrical Engineering Lecture 5', 'This lecture focuses on digital logic circuits.'),
  ('18', 'EE101', '1', '2023-06-09', '2:00:00', 'Hall L', 'Introduction to Electrical Engineering Lecture 6', 'We discuss power systems and electrical machines.'),
  ('19', 'BA101', '1', '2023-06-01', '3:00:00', 'Hall G', 'Introduction to Business Lecture 1', 'This lecture introduces the basics of business and management.'),
  ('20', 'BA101', '2', '2023-06-03', '4:00:00', 'Hall H', 'Introduction to Business Lecture 2', 'We discuss various business models and strategies.'),
  ('21', 'BA101', '3', '2023-06-05', '12:00:00', 'Hall I', 'Introduction to Business Lecture 3', 'We explore the principles of marketing.'),
  ('22', 'BA101', '4', '2023-06-07', '11:00:00', 'Hall J', 'Introduction to Business Lecture 4', 'This lecture focuses on financial management.'),
  ('23', 'BA101', '5','2023-06-09', '11:00:00', 'Hall K', 'Introduction to Business Lecture 5', 'We discuss the fundamentals of organizational behavior.'),
  ('24', 'BA101', '1', '2023-06-11', '9:00:00', 'Hall L', 'Introduction to Business Lecture 6', 'This lecture covers the basics of entrepreneurship.'),
  ('25', 'MA101', '1', '2023-06-02', '8:00:00', 'Hall I', 'Calculus I Lecture 1', 'This lecture covers differential calculus.'),
  ('26', 'MA101', '2', '2023-06-03', '4:00:00', 'Hall J', 'Calculus I Lecture 2', 'We delve into integral calculus and applications.'),
  ('27', 'MA101', '3', '2023-06-05', '7:00:00', 'Hall K', 'Calculus I Lecture 3', 'We continue our study of integral calculus and its techniques.'),
  ('28', 'MA101', '4', '2023-06-07', '8:00:00', 'Hall L', 'Calculus I Lecture 4', 'This lecture focuses on techniques of integration.'),
  ('29', 'MA101', '5', '2023-06-09', '1:00:00', 'Hall M', 'Calculus I Lecture 5', 'We explore applications of integration in physics and engineering.'),
  ('30', 'MA101', '1', '2023-06-11', '11:00:00', 'Hall N', 'Calculus I Lecture 6', 'This lecture covers sequences and series.'),
  ('31', 'ENG101','1', '2023-06-01', '3:00:00', 'Hall K', 'Introduction to English Literature Lecture 1', 'This lecture provides an overview of English literature.'),
  ('32', 'ENG101', '2','2023-06-02', '2:00:00', 'Hall L', 'Introduction to English Literature Lecture 2', 'We discuss different literary periods and genres.'),
  ('33', 'ENG101', '3', '2023-06-05', '12:00:00', 'Hall N', 'Introduction to English Literature Lecture 4', 'We explore the works of a famous author.'),
  ('34', 'ENG101','4', '2023-06-06', '1:00:00', 'Hall O', 'Introduction to English Literature Lecture 5', 'We analyze a specific literary theme.'),
  ('35', 'ENG101','5', '2023-06-07', '11:00:00', 'Hall P', 'Introduction to English Literature Lecture 6', 'We discuss the impact of historical events on literature.'),
  ('36', 'ENG101', '1', '2023-06-08', '3:00:00', 'Hall Q', 'Introduction to English Literature Lecture 7', 'We examine postcolonial literature and its themes.'),
  ('37', 'CHEM101', '1', '2023-06-01', '3:00:00', 'Hall M', 'General Chemistry Lecture 1', 'This lecture introduces the basics of chemistry.'),
  ('38', 'CHEM101', '2', '2023-06-03', '2:00:00', 'Hall N', 'General Chemistry Lecture 2', 'We cover chemical reactions and stoichiometry.'),
  ('39', 'CHEM101', '3', '2023-06-04', '1:00:00', 'Hall O', 'General Chemistry Lecture 3', 'We discuss the periodic table and chemical bonding.'),
  ('40', 'CHEM101', '4', '2023-06-05', '11:00:00', 'Hall P', 'General Chemistry Lecture 4', 'We explore acids, bases, and pH calculations.'),
  ('41', 'CHEM101', '5', '2023-06-06', '11:00:00', 'Hall Q', 'General Chemistry Lecture 5', 'We delve into thermodynamics and chemical equilibrium.'),
  ('42', 'CHEM101', '1', '2023-06-07', '12:00:00', 'Hall R', 'General Chemistry Lecture 6', 'We cover electrochemistry and redox reactions.'),  
  ('43', 'PHY101', '1', '2023-06-02', '9:00:00', 'Hall P', 'Introduction to Physics Lecture 2', 'We discuss motion, forces, and energy.'),
  ('44', 'PHY101', '2', '2023-06-03', '8:00:00', 'Hall Q', 'Introduction to Physics Lecture 3', 'We explore momentum and collisions.'),
  ('45', 'PHY101', '3', '2023-06-04', '7:00:00', 'Hall R', 'Introduction to Physics Lecture 4', 'We cover rotational motion and angular momentum.'),
  ('46', 'PHY101', '4', '2023-06-05', '10:00:00', 'Hall S', 'Introduction to Physics Lecture 5', 'We delve into work, energy, and power.'),
  ('47', 'PHY101', '5', '2023-06-06', '3:00:00', 'Hall T', 'Introduction to Physics Lecture 6', 'We discuss fluid mechanics and thermal physics.');
 
 
 
 
 INSERT INTO sections (course_id, sec_id, semester, year, time_slot_id) VALUES
  ('CS101', '1', 'Fall', 2023, 'TS001'),
  ('CS101', '2', 'Winter', 2024, 'TS006'),
  ('CS101', '3', 'Spring', 2024, 'TS011'),
  ('CS101', '4', 'Summer', 2024, 'TS016'),
  ('CS101', '5', 'Fall', 2024, 'TS021'),
  ('CS201', '1', 'Fall', 2023, 'TS002'),
  ('CS201', '2', 'Winter', 2024, 'TS007'),
  ('CS201', '3', 'Spring', 2024, 'TS012'),
  ('CS201', '4', 'Summer', 2024, 'TS017'),
  ('CS201', '5', 'Fall', 2024, 'TS022'),
  ('EE101', '1', 'Fall', 2023, 'TS003'),
  ('EE101', '2', 'Winter', 2024, 'TS008'),
  ('EE101', '3', 'Spring', 2024, 'TS013'),
  ('EE101', '4', 'Summer', 2024, 'TS018'),
  ('EE101', '5', 'Fall', 2024, 'TS023'),
  ('BA101', '1', 'Fall', 2023, 'TS004'),
  ('BA101', '2', 'Winter', 2024, 'TS009'),
  ('BA101', '3', 'Spring', 2024, 'TS014'),
  ('BA101', '4', 'Summer', 2024, 'TS019'),
  ('BA101', '5', 'Fall', 2024, 'TS024'),
  ('MA101', '1', 'Fall', 2023, 'TS005'),
  ('MA101', '2', 'Winter', 2024, 'TS010'),
  ('MA101', '3', 'Spring', 2024, 'TS015'),
  ('MA101', '4', 'Summer', 2024, 'TS020'),
  ('MA101', '5', 'Fall', 2024, 'TS025'),
  ('ENG101', '1', 'Fall', 2023, 'TS006'),
  ('ENG101', '2', 'Winter', 2024, 'TS011'),
  ('ENG101', '3', 'Spring', 2024, 'TS016'),
  ('ENG101', '4', 'Summer', 2024, 'TS021'),
  ('ENG101', '5', 'Fall', 2024, 'TS026'),
  ('CHEM101', '1', 'Fall', 2023, 'TS007'),
  ('CHEM101', '2', 'Winter', 2024, 'TS012'),
  ('CHEM101', '3', 'Spring', 2024, 'TS017'),
  ('CHEM101', '4', 'Summer', 2024, 'TS022'),
  ('CHEM101', '5', 'Fall', 2024, 'TS027'),
  ('PHY101', '1', 'Fall', 2023, 'TS006'),
  ('PHY101', '2', 'Winter', 2024, 'TS011'),
  ('PHY101', '3', 'Spring', 2024, 'TS016'),
  ('PHY101', '4', 'Summer', 2024, 'TS021'),
  ('PHY101', '5', 'Fall', 2024, 'TS026'),
  ('HIS101', '1', 'Fall', 2023, 'TS013'),
  ('HIS101', '2', 'Winter', 2024, 'TS018'),
  ('HIS101', '3', 'Spring', 2024, 'TS023'),
  ('HIS101', '4', 'Summer', 2024, 'TS028'),
  ('HIS101', '5', 'Fall', 2024, 'TS003'),
  ('BIO101', '1', 'Fall', 2023, 'TS014'),
  ('BIO101', '2', 'Winter', 2024, 'TS019'),
  ('BIO101', '3', 'Spring', 2024, 'TS024'),
  ('BIO101', '4', 'Summer', 2024, 'TS029'),
  ('BIO101', '5', 'Fall', 2024, 'TS004'),
  ('SOC101', '1', 'Fall', 2023, 'TS015'),
  ('SOC101', '2', 'Winter', 2024, 'TS020'),
  ('SOC101', '3', 'Spring', 2024, 'TS025'),
  ('SOC101', '4', 'Summer', 2024, 'TS030'),
  ('SOC101', '5', 'Fall', 2024, 'TS005');
  
 
 INSERT INTO teaches (teaches_id, course_id, sec_id, semester, year, instructor_id) VALUES
 ('T001', 'CS101', '1', 'Fall', 2023, 'I001'),
  ('T002', 'CS101', '2', 'Winter', 2024, 'I002'),
  ('T003', 'CS101', '3', 'Spring', 2024, 'I003'),
  ('T004', 'CS101', '4', 'Summer', 2024, 'I004'),
  ('T005', 'CS101', '5', 'Fall', 2024, 'I005'),
  ('T006', 'CS201', '1', 'Fall', 2023, 'I006'),
  ('T007', 'CS201', '2', 'Winter', 2024, 'I007'),
  ('T008', 'CS201', '3', 'Spring', 2024, 'I008'),
  ('T009', 'CS201', '4', 'Summer', 2024, 'I009'),
  ('T010', 'CS201', '5', 'Fall', 2024, 'I010'),
  ('T011', 'EE101', '1', 'Fall', 2023, 'I011'),
  ('T012', 'EE101', '2', 'Winter', 2024, 'I012'),
  ('T013', 'EE101', '3', 'Spring', 2024, 'I013'),
  ('T014', 'EE101', '4', 'Summer', 2024, 'I014'),
  ('T015', 'EE101', '5', 'Fall', 2024, 'I015'),
  ('T016', 'BA101', '1', 'Fall', 2023, 'I016'),
  ('T017', 'BA101', '2', 'Winter', 2024, 'I017'),
  ('T018', 'BA101', '3', 'Spring', 2024, 'I018'),
  ('T019', 'BA101', '4', 'Summer', 2024, 'I019'),
  ('T020', 'BA101', '5', 'Fall', 2024, 'I020'),
  ('T021', 'MA101', '1', 'Fall', 2023, 'I021'),
  ('T022', 'MA101', '2', 'Winter', 2024, 'I022'),
  ('T023', 'MA101', '3', 'Spring', 2024, 'I023'),
  ('T024', 'MA101', '4', 'Summer', 2024, 'I024'),
  ('T025', 'MA101', '5', 'Fall', 2024, 'I025'),
  ('T026', 'ENG101', '1', 'Fall', 2023, 'I026'),
  ('T027', 'ENG101', '2', 'Winter', 2024, 'I027'),
  ('T028', 'ENG101', '3', 'Spring', 2024, 'I028'),
  ('T029', 'ENG101', '4', 'Summer', 2024, 'I029'),
  ('T030', 'ENG101', '5', 'Fall', 2024, 'I030'),
  ('T031', 'CHEM101', '1', 'Fall', 2023, 'I003'),
  ('T032', 'CHEM101', '2', 'Winter', 2024, 'I002'),
  ('T033', 'CHEM101', '3', 'Spring', 2024, 'I001'),
  ('T034', 'CHEM101', '4', 'Summer', 2024, 'I005'),
  ('T035', 'CHEM101', '5', 'Fall', 2024, 'I005'),
  ('T036', 'PHY101', '1', 'Fall', 2023, 'I006'),
  ('T037', 'PHY101', '2', 'Winter', 2024, 'I007'),
  ('T038', 'PHY101', '3', 'Spring', 2024, 'I008'),
  ('T039', 'PHY101', '4', 'Summer', 2024, 'I009'),
  ('T040', 'PHY101', '5', 'Fall', 2024, 'I004'),
  ('T041', 'HIS101', '1', 'Fall', 2023, 'I011'),
  ('T042', 'HIS101', '2', 'Winter', 2024, 'I012'),
  ('T043', 'HIS101', '3', 'Spring', 2024, 'I013'),
  ('T044', 'HIS101', '4', 'Summer', 2024, 'I014'),
  ('T045', 'HIS101', '5', 'Fall', 2024, 'I025'),
  ('T046', 'BIO101', '1', 'Fall', 2023, 'I026'),
  ('T047', 'BIO101', '2', 'Winter', 2024, 'I027'),
  ('T048', 'BIO101', '3', 'Spring', 2024, 'I028'),
  ('T049', 'BIO101', '4', 'Summer', 2024, 'I009'),
  ('T050', 'BIO101', '5', 'Fall', 2024, 'I015'),
  ('T051', 'SOC101', '1', 'Fall', 2023, 'I021'),
  ('T052', 'SOC101', '2', 'Winter', 2024, 'I022'),
  ('T053', 'SOC101', '3', 'Spring', 2024, 'I013'),
  ('T054', 'SOC101', '4', 'Summer', 2024, 'I004'),
  ('T055', 'SOC101', '5', 'Fall', 2024, 'I025');
  
 
 INSERT INTO student (student_id, student_name, dept_name, tot_cred, phone_number, gender) VALUES
  ('10001', 'John Doe', 'Computer Science', 45, '1234567890', 'Male'),
  ('10002', 'Jane Smith', 'Mathematics', 60, '9876543210', 'Female'),
  ('10003', 'David Johnson', 'Business Administration', 30, '4567891230', 'Male'),
  ('10004', 'Emily Davis', 'Electrical Engineering', 75, '7890123456', 'Female'),
  ('10005', 'Michael Wilson', 'Physics', 90, '3210987654', 'Male'),
  ('10006', 'Sophia Anderson', 'Chemistry', 60, '5678901234', 'Female'),
  ('10007', 'Oliver Thompson', 'English Literature', 45, '9012345678', 'Male'),
  ('10008', 'Emma Martinez', 'History', 60, '2345678901', 'Female'),
  ('10009', 'Jacob Clark', 'Economics', 75, '6789012345', 'Male'),
  ('10010', 'Ava Lewis', 'Biology', 90, '0123456789', 'Female'),
  ('10011', 'Liam Wilson', 'Computer Science', 60, '9876543210', 'Male'),
  ('10012', 'Olivia Garcia', 'Business Administration', 45, '4567891230', 'Female'),
  ('10013', 'Noah Martinez', 'Electrical Engineering', 90, '7890123456', 'Male'),
  ('10014', 'Isabella Clark', 'Mathematics', 75, '3210987654', 'Female'),
  ('10015', 'Mason Johnson', 'Physics', 60, '5678901234', 'Male'),
  ('10016', 'Sophia Wilson', 'Computer Science', 90, '9012345678', 'Female'),
  ('10017', 'Michael Johnson', 'Electrical Engineering', 60, '2345678901', 'Male'),
  ('10018', 'Emma Davis', 'Business Administration', 75, '6789012345', 'Female'),
  ('10019', 'Oliver Smith', 'Mathematics', 45, '0123456789', 'Male'),
  ('10020', 'Ava Anderson', 'Physics', 60, '8765432109', 'Female'),
  ('10021', 'Liam Johnson', 'Chemistry', 75, '5678901234', 'Male'),
  ('10022', 'Olivia Davis', 'English Literature', 90, '9012345678', 'Female'),
  ('10023', 'Noah Smith', 'History', 60, '2345678901', 'Male'),
  ('10024', 'Isabella Anderson', 'Economics', 75, '6789012345', 'Female'),
  ('10025', 'Sophia Johnson', 'Biology', 90, '0123456789', 'Female'),
  ('10026', 'Lucas Davis', 'Computer Science', 60, '8765432109', 'Male'),
  ('10027', 'Mia Smith', 'Electrical Engineering', 75, '5678901234', 'Female'),
  ('10028', 'Jackson Anderson', 'Business Administration', 45, '9012345678', 'Male'),
  ('10029', 'Aiden Johnson', 'Mathematics', 60, '2345678901', 'Male'),
  ('10030', 'Charlotte Davis', 'Physics', 90, '6789012345', 'Female');
  
 INSERT INTO takes (takes_id, course_id, sec_id, lect_id , semester, year, grade, student_id) VALUES
  ('1', 'CS101', '1','1', 'Fall', 2023, 'A', '10001'),
  ('2', 'CS101', '2','2', 'Winter', 2024, 'B', '10002'),
  ('3', 'CS101', '3','3', 'Spring', 2024, 'C', '10003'),
  ('4', 'CS101', '4','4', 'Summer', 2024, 'A', '10004'),
  ('5', 'CS101', '5','5', 'Fall', 2024, 'B', '10005'),
  ('6', 'CS201', '1','6', 'Fall', 2023, 'C', '10011'),
  ('7', 'CS201', '2','7', 'Winter', 2024, 'A', '10012'),
  ('8', 'CS201', '3','8','Spring', 2024, 'B', '10013'),
  ('9', 'CS201', '4','9','Summer', 2024, 'C', '10014'),
  ('10', 'CS201', '5','10', 'Fall', 2024, 'A', '10015'),
  ('11', 'EE101', '1','11', 'Fall', 2023, 'B', '10021'),
  ('12', 'EE101', '2','12', 'Winter', 2024, 'C', '10022'),
  ('13', 'EE101', '3','13', 'Spring', 2024, 'A', '10023'),
  ('14', 'EE101', '4','14', 'Summer', 2024, 'B', '10024'),
  ('15', 'EE101', '5','15', 'Fall', 2024, 'C', '10025'),
  ('16', 'BA101', '1','16', 'Fall', 2023, 'A', '10021'),
  ('17', 'BA101', '2','17', 'Winter', 2024, 'B', '10022'),
  ('18', 'BA101', '3','18', 'Spring', 2024, 'A', '10030'),
  ('19', 'BA101', '4','19', 'Summer', 2024, 'C', '10024'),
  ('20', 'BA101', '5','20', 'Fall', 2024, 'B', '10015'),
  ('21', 'MA101', '1','21', 'Fall', 2023, 'C', '10011'),
  ('22', 'MA101', '2','22', 'Winter', 2024, 'A', '10002'),
  ('23', 'MA101', '3','23', 'Spring', 2024, 'B', '10003'),
  ('24', 'MA101', '4','24', 'Summer', 2024, 'A', '10004'),
  ('25', 'MA101', '5','25', 'Fall', 2024, 'C', '10015'),
  ('26', 'ENG101', '1','26', 'Fall', 2023, 'B', '10001'),
  ('27', 'ENG101', '2','27', 'Winter', 2024, 'C', '10002'),
  ('28', 'ENG101', '3','28', 'Spring', 2024, 'A', '10003'),
  ('29', 'ENG101', '4','29', 'Summer', 2024, 'B', '10004'),
  ('30', 'ENG101', '5','30', 'Fall', 2024, 'C', '10005'),
  ('31', 'CHEM101', '1','31', 'Fall', 2023, 'A', '10011'),
  ('32', 'CHEM101', '2','32', 'Winter', 2024, 'B', '10002'),
  ('33', 'CHEM101', '3','33', 'Spring', 2024, 'C', '10023'),
  ('34', 'CHEM101', '4','34', 'Summer', 2024, 'A', '10024'),
  ('35', 'CHEM101', '5','35', 'Fall', 2024, 'B', '10005'),
  ('36', 'PHY101', '1','36', 'Fall', 2023, 'C', '10001'),
  ('37', 'PHY101', '2','37', 'Winter', 2024, 'A', '10002'),
  ('38', 'PHY101', '3','38', 'Spring', 2024, 'B', '10003'),
  ('39', 'PHY101', '4','39', 'Summer', 2024, 'A', '10004'),
  ('40', 'PHY101', '5','40', 'Fall', 2024, 'C', '10005'),
  ('41', 'HIS101', '1','41' ,'Fall', 2023, 'B', '10001'),
  ('42', 'HIS101', '2','42', 'Winter', 2024, 'C', '10002'),
  ('43', 'HIS101', '3','43', 'Spring', 2024, 'A', '10003'),
  ('44', 'HIS101', '4','44', 'Summer', 2024, 'B', '10004'),
  ('45', 'HIS101', '5','45', 'Fall', 2024, 'C', '10005'),
  ('46', 'BIO101', '1','46', 'Fall', 2023, 'A', '10001'),
  ('47', 'BIO101', '2','47', 'Winter', 2024, 'B', '10002'),
  ('48', 'BIO101', '3','42', 'Spring', 2024, 'C', '10003'),
  ('49', 'BIO101', '4','45', 'Summer', 2024, 'A', '10004'),
  ('50', 'BIO101', '5','45', 'Fall', 2024, 'B', '10005'),
  ('51', 'SOC101', '1','21', 'Fall', 2023, 'C', '10001'),
  ('52', 'SOC101', '2','22', 'Winter', 2024, 'A', '10002'),
  ('53', 'SOC101', '3','23','Spring', 2024, 'B', '10003'),
  ('54', 'SOC101', '4','24', 'Summer', 2024, 'A', '10004'),
  ('55', 'SOC101', '5','25', 'Fall', 2024, 'C', '10005');
 
 
 
 INSERT INTO users (user_id, user_name, user_type, passward) VALUES
  ('1', 'admin', 'Admin', 'admin123'),
  ('2', 'johnsmith', 'Instructor', 'john123'),
  ('3', 'janedoe', 'Instructor', 'jane456'),
  ('4', 'sarahbrown', 'Instructor', 'sarah789'),
  ('5', 'mikejones', 'Instructor', 'mike321'),
  ('6', 'amywilson', 'Instructor', 'amy654'),
  ('7', 'davidmiller', 'Instructor', 'david987'),
  ('8', 'emilythomas', 'Instructor', 'emily012'),
  ('9', 'peterdavis', 'Instructor', 'peter345'),
  ('10', 'laurasmith', 'Instructor', 'laura678'),
  ('11', 'robertjohnson', 'Instructor', 'robert987'),
  ('12', 'olivialopez', 'Instructor', 'olivia654'),
  ('13', 'williamthompson', 'Instructor', 'william321'),
  ('14', 'sophiawilson', 'Instructor', 'sophia123'),
  ('15', 'ethanhall', 'Instructor', 'ethan456'),
  ('16', 'chloemartin', 'Instructor', 'chloe789'),
  ('17', 'masonrodriguez', 'Instructor', 'mason012'),
  ('18', 'amelialee', 'Instructor', 'amelia345'),
  ('19', 'jacksonwright', 'Instructor', 'jackson678'),
  ('20', 'harperhill', 'Instructor', 'harper901'),
  ('21', 'danieladams', 'Student', 'daniel234'),
  ('22', 'sophiathomas', 'Student', 'sophia567'),
  ('23', 'alexandercampbell', 'Student', 'alexander890'),
  ('24', 'madisonstewart', 'Student', 'madison123'),
  ('25', 'liamroberts', 'Student', 'liam456'),
  ('26', 'oliviamorgan', 'Student', 'olivia789'),
  ('27', 'noahharris', 'Student', 'noah012'),
  ('28', 'emilywalker', 'Student', 'emily345'),
  ('29', 'jaydenrogers', 'Student', 'jayden678'),
  ('30', 'charlotteprice', 'Student', 'charlotte901');
  